Juan,Pérez,juan.perez@mail.com,20-92345678-9,Av Siempre Viva,742,Springfield,1900,Buenos Aires,Argentina
María,González,maria.gonzalez@mail.com,27-98765432-1,San Martín,1234,Córdoba Capital,5000,Córdoba,Argentina
Carlos,Rodríguez,carlos.rodriguez@mail.com,20-11223344-5,Rivadavia,567,Ciudad de Mendoza,5500,Mendoza,Argentina
Ana,Martínez,ana.martinez@mail.com,27-55667788-9,Belgrano,890,Rosario,2000,Santa Fe,Argentina
Pedro,López,pedro.lopez@mail.com,20-99887766-3,Mitre,321,La Plata,1900,Buenos Aires,Argentina
Laura,Fernández,laura.fernandez@mail.com,27-44332211-7,Sarmiento,654,San Miguel de Tucumán,4000,Tucumán,Argentina
Diego,Silva,diego.silva@mail.com,20-66554433-8,9 de Julio,987,Salta Capital,4400,Salta,Argentina
Sofía,Torres,sofia.torres@mail.com,27-22114455-2,Independencia,159,Posadas,3300,Misiones,Argentina

